name_english,name_french
.net developer,développeur .net
.net software developer,Développeur de logiciels .net
accessibility outreach coordinator,coordonnatrice de la sensibilisation à l'accessibilité
accessibility program manager,responsable du programme d'accessibilité
account executive,compte executif
account manager,gestionnaire de compte
accountable manager,Gestionnaire responsable
accountable project manager,chef de projet responsable
accountant,comptable
accounting investment analyst,analyste d'investissement comptable
actor,acteur de cinéma
actuary,actuaire
admin engineer,ingénieur administratif
administrative aide,aide administrative
administrative assistant,adjointe administrative
administrative associate to the executive director,adjointe administrative au directeur exécutif
administrative business promotion coordinator,coordinatrice administrative de la promotion commerciale
administrative claim examiner,examinateur des réclamations administratives
administrative contract specialist,spécialiste des contrats administratifs
administrative coordinator,Coordonnateur administratif
administrative engineer,ingénieur administratif
administrative management auditor,auditeur de gestion administrative
administrative manager,directeur administratif
administrative office assistant,assistante administrative
administrative procurement analyst,analyste des achats administratifs
administrative services manager,responsable des services administratifs
administrative specialist,spécialiste administratif
administrative staff analyst,analyste du personnel administratif
administrative support,soutien administratif
administrative transportation coordinator,coordinateur administratif du transport
administrator on duty,administrateur de garde
advertising and promotions manager,responsable de la publicité et des promotions
advertising sales agent,régie publicitaire
aerospace engineer,ingénieur aérospatial
agency attorney,avocat d'agence
agency counsel,conseil d'agence
agricultural engineer,ingénieur agronome
agricultural scientist,agronome
agricultural technician,technicien agricole
aide,aide
air & noise pollution inspector,inspecteur pollution atmosphérique et sonore
aircraft mechanic,mécanicien d'avion
aircraft pilot,pilote d'avion
analyst manager,responsable analyste
analyst,analyste
animal caretaker,gardien d'animaux
animal control worker,agent de contrôle des animaux
animal trainer,dompteur d'animaux
animalbreeder,éleveur
announcer,annonceur
apparel patternmaker,modéliste de vêtements
appliance repairer,réparateur d'appareils
application developer,Développeur d'applications
application examiner,examinateur de demande
application solution manager,gestionnaire de solutions applicatives
application support analyst,analyste support applicatif
application support reporting specialist,spécialiste des rapports d'assistance aux applications
application worker,travailleur d'application
appraiser,expert
apprentice inspector,apprenti inspecteur
architect,architecte
architectural designer,concepteur architectural
archivist,archiviste
artist,artiste
assembler,assembleur
assessor,assesseur
asset management specialist,spécialiste de la gestion de patrimoine
asset manager,gestionnaire d'actifs
assistant architect,assistant architecte
assistant business services associate,adjointe aux services aux entreprises
assistant chief of facility compliance,chef adjoint de la conformité des installations
assistant civil engineer,ingénieur civil adjoint
assistant commissioner of administration,sous-commissaire à l'administration
assistant commissioner of communications and policy,commissaire adjoint aux communications et à la politique
assistant commissioner of enforcement,commissaire adjoint à l'exécution
assistant commissioner of environmental health unit,commissaire adjoint de l'unité de santé environnementale
assistant commissioner of housing policy,sous-commissaire à la politique du logement
assistant commissioner of the office of placement administration,sous-commissaire du bureau de l'administration des stages
assistant commissioner,commissaire adjoint
assistant quality assurance associate,adjointe à l'assurance qualité
astronomer,astronome
atmospheric scientist,scientifique de l'atmosphère
audiologist,audiologiste
audit engineer,ingénieur audit
audit intern,stagiaire audit
audit manager,responsable d'audit
audit supervisor,superviseur d'audit
auditor,Auditeur
author,auteur
auto  machinist,machiniste automobile
auto mechanic,mécanicien automobile
automotive glass installer,installateur de vitres automobiles
avionics technician,technicien avionique
back end developer,développeur back-end
baggage porter,bagagiste
bailiff,huissier
baker,boulanger
barber,coiffeur
bartender helper,aide-barman
bartender,barman
bellhop,groom
best practices coach,coach de bonnes pratiques
bid operations liaison,agent de liaison pour les opérations d'appel d'offres
bill and account collector,collecteur de factures et de comptes
billing and posting clerk,commis à la facturation et à l'affichage
biological scientist,scientifique biologique
biological technician,technicienne en biologie
biomedical engineer,ingénieur biomédical
blake fellow,camarade blake
blockmason,maçon
boat captain,capitaine de bateau
boiler inspector,inspecteur de chaudière
boilermaker,chaudronnier
bookbinder,relieur
bookkeeper,comptable
branch chief,chef de succursale
brickmason,maçon
bridge operator,pontier
broadcast and sound engineering technician,technicien de diffusion et d'ingénierie du son
brokerage clerk,commis de courtage
budget analyst,Analyste budgétaire
budget review specialist,spécialiste de l'examen budgétaire
budget,budget
building cleaner,nettoyeur de bâtiment
building inspector,inspecteur en bâtiment
bus and truck mechanics and diesel engine specialist,mécanicien d'autobus et de camions et spécialiste des moteurs diesel
business administrator,administrateur de l'entreprise
business analyst,analyste d'affaires
business intelligence developer,développeur intelligence économique
business manager,chef d'entreprise
business operations specialist,spécialiste des opérations commerciales
business solution architect,architecte de solutions d'affaires
butcher,Boucher
buyer services manager,responsable service acheteur
buyer,acheteur
cabinetmaker,ébéniste
cafeteria attendant,préposé à la cafétéria
calendar assistant,assistant de calendrier
call center manager,gestionnaire de centre d'appels
camera operator,opérateur camera
capacity building assistance specialist,spécialiste de l'aide au renforcement des capacités
cargo and freight agent,agent de fret et de fret
carpenter,Charpentier
cartographer,cartographe
case analyst,analyste de cas
case management nurse,infirmière en gestion de cas
case management team leader,chef d'équipe de gestion de cas
case management unit supervisor,superviseur de l'unité de gestion des cas
case monitor supervisor,superviseur du suivi des cas
case worker,travailleur social
cashier supervisor,superviseur de caisse
cashier,la caissière
caster,roulette
ceiling tile installer,poseur de carreaux de plafond
cement mason,maçon de ciment
certified it administrator,administrateur informatique certifié
certified it developer,développeur informatique certifié
certified specialist,spécialiste certifié
channel manager,gestionnaire de canal
chauffeur,chauffeur
chef,chef
chemical engineer,Ingénieur chimiste
chemical technician,technicien chimiste
chemists,chimistes
chief architect,architecte en chef
chief compliance officer,chef de la conformité
chief diversity officer,directeur de la diversité
chief engineer of dispute resolutions,ingénieur en chef de la résolution des conflits
chief executive,directeur général
chief financial officer,directeur financier
chief information security officer,responsable de la sécurité de l'information
chief investigator,enquêteur en chef
chief of staff,chef d'équipe
chief operating officer,Président directeur général
chief plan examiner,examinateur en chef du plan
chief review officer,agent de révision en chef
child care worker,travailleur de garde d'enfants
child welfare analyst,analyste de la protection de l'enfance
chiropractor,chiropracteur
choreographer,chorégraphe
city assessor,évaluateur de la ville
city laborer,ouvrier de la ville
city medical examiner,médecin légiste de la ville
city park worker,employé du parc de la ville
city planner,urbaniste
city planning technician,technicienne en urbanisme
city research scientist,chercheur scientifique de la ville
civil design lead,responsable de la conception civile
civil engineer,ingénieur civil
civilian investigator,enquêteur civil
claim specialist,spécialiste des sinistres
claims adjuster,expert en sinistre
claims processor,processeur de réclamations
claims specialist,spécialiste des réclamations
clergy,le clergé
clerical aide,aide de bureau
clerical assistant,assistante administrative
clerical associate,commis de bureau
clerical supervisor,superviseur de bureau
clerk,employé de bureau
client services representative,chargé de clientèle
climber & pruner,grimpeur et sécateur
clinical case supervisor,superviseur de cas clinique
clinical director,directeur clinique
clinical laboratory technologist and technician,technologue et technicien de laboratoire clinique
cloud reliability engineer,ingénieur fiabilité cloud
coach,entraîneur
collections administrator,administrateur des collections
collector,collectionneur
college aide,assistant de collège
commercial diver,plongeur professionnel
communication electrician,électricien en communication
communication manager,responsable de la communication
communication specialist,spécialiste de la communication
communication worker,travailleur de la communication
communications equipment operator,opérateur d'équipement de communication
community & industry relations associate,associé aux relations avec la communauté et l'industrie
community assistant,assistante communautaire
community associate,associé communautaire
community coordinator,coordinateur communautaire
community service manager,responsable des services communautaires
community supervisor,superviseur communautaire
compliance analyst,analyste de la conformité
compliance and enforcement attorney,avocat de la conformité et de l'exécution
compliance auditor,auditeur de conformité
compliance manager,gestionnaire de la conformité
compliance officer,agent de conformité
compliance support specialist,spécialiste de l'assistance à la conformité
computer aide,assistant informatique
computer and information systems manager,responsable informatique et systèmes d'information
computer associate,assistant informatique
computer control operator,opérateur de contrôle informatique
computer hardware engineer,ingénieur matériel informatique
computer operator,operateur d'ordinateur
computer programmer,programmeur
computer scientist,informaticien
computer service technician,technicien de maintenance informatique
computer software engineer,ingénieur en logiciel informatique
computer specialist,informaticien
computer support specialist,spécialiste de l'assistance informatique
computer systems manager,responsable des systèmes informatiques
concierge,la conciergerie
confidential investigator,enquêteur confidentiel
conflict resolution specialist,spécialiste en résolution de conflits
consent specialist,spécialiste du consentement
conservation scientist,scientifique de la conservation
constituent services liaison,agent de liaison avec les services aux électeurs
construction inspector,inspecteur en construction
construction intern,stagiaire en bâtiment
construction manager,directeur de la construction
construction project manager,Chef de projet de construction
construction safety and quality inspector,inspecteur de la sécurité et de la qualité de la construction
content developer,développeur de contenu
content engineer,ingénieur de contenu
contract analyst,analyste de contrat
contract manager,gestionnaire de contrat
contract processor,sous-traitant
contract specialist,spécialiste des contrats
contracts attorney,avocat des contrats
contracts officer,chargé des contrats
conveyor operator,opérateur de convoyeur
coordinator,coordinateur
correctional officer,agent de correction
correctional officers,agents correctionnels
cosmetologist,esthéticienne
cost estimating manager,responsable de l'estimation des coûts
cost estimator,estimateur de coût
counselor,conseiller
courier,courrier
court liaison officer,agent de liaison judiciaire
court representative,représentant de la cour
cranes & derricks inspector,inspecteur de grues et derricks
credit analyst,analyste crédit
credit authorizer,autorisation de crédit
crime analyst,analyste de la criminalité
criminal investigator,enquêteur criminel
criminalist,criminaliste
crm developer,développeur GRC
crossing guard,brigadière
cultural affairs coordinator,coordinatrice des affaires culturelles
curator,conservateur
custodial assistant,assistant de garde
custodian,gardien
customer service & operations analysis intern,stagiaire service client et analyse des opérations
customer service representative,représentant du service à la clientèle
customer service,Service Clients
cybersecurity operations analyst,analyste des opérations de cybersécurité
dam safety coordinator,coordonnateur de la sécurité des barrages
dancer,Danseur
data analyst,analyste de données
data and process analyst,analyste de données et de processus
data and technology analyst,analyste de données et de technologies
data architect,architecte de données
data assistant,assistant de données
data engineer,ingénieur de données
data entry clerk,saisie de données Commis
data entry keyer,keyer de saisie de données
data management assistant,assistante en gestion de données
data manager,gestionnaire de données
data research analyst,analyste de recherche de données
data research specialist,spécialiste de la recherche de données
data scientist,scientifique des données
data support analyst,analyste de support de données
data warehouse architect,architecte d'entrepôt de données
database administrator,administrateur de base de données
database administrator,administrateur de base de données
database developer,développeur de bases de données
dba engineer,ingénieur dba
dba lead,dba plomb
deckhand,matelot
demonstrator,démonstrateur
dental assistant,assistante dentaire
dental hygienist,hygiéniste dentaire
dentist,dentiste
deputy budget director,directeur adjoint du budget
deputy chief engineer,ingénieur en chef adjoint
deputy chief of outside development,chef adjoint du développement extérieur
deputy chief of quality assurance,chef adjoint de l'assurance qualité
deputy chief,chef deputé
deputy commissioner,Commissaire adjoint
deputy director,directeur adjoint
deputy executive director,Directeur exécutif adjoint
derrick service unit operator,opérateur d'unité de service de derrick
design manager,responsable de la conception
designer,designer
desk clerk,réceptionniste
desktop publisher,éditeur de bureau
detectives,détectives
dietitian,diététicien
director,directeur
dishwasher,Lave-vaisselle
dispatcher,répartiteur
distributor,distributeur
division chief,Chef de division
door-to-door sales worker,vendeur porte à porte
drafter,rédacteur
dressmaker,couturière
drywall installer,installateur de cloisons sèches
dynamic crm developer,développeur crm dynamique
early childhood education consultant,conseillère en éducation de la petite enfance
early intervention official,agent d'intervention précoce
earth driller,foreur de terre
economic analyst,analyste économique
economist,économiste
edge engineer,ingénieur de pointe
e-discovery analyst,analyste en e-discovery
editor,éditeur
editorial intern,stagiaire éditorial
education administrator,administrateur de l'éducation
e-learning content developer,développeur de contenu e-learning
electrical engineer,ingénieur éléctricien
electrical inspector,inspecteur électrique
electrical power-line installer,installateur de lignes électriques
electrician,électricien
electronics engineer,ingénieur en électronique
elementary teacher,Enseignant au primaire
elevator installer,installateur d'ascenseur
elevator repairer,réparateur d'ascenseur
eligibility interviewer,enquêteur d'éligibilité
eligibility worker,travailleur admissible
emergency communications specialist,spécialiste des communications d'urgence
emergency field logistics coordinator,Coordonnateur de la logistique d'urgence sur le terrain
emergency manager,gestionnaire d'urgence
emergency medical technician,technicien médical d'urgence
employee benefits coordinator,coordinateur des avantages sociaux
employee relations specialist,spécialiste des relations avec les employés
energy analyst,analyste énergétique
energy policy advisor,conseiller en politique énergétique
energy program analyst,analyste de programme énergétique
engineer in charge,ingénieur responsable
engineering manager,Directeur de l'Ingénierie
engineering technician,technicien en ingénierie
engraver,graveur
entertainer,artiste
enviromental assessment coordinator,coordonnateur de l'évaluation environnementale
environmental compliance specialist,spécialiste de la conformité environnementale
environmental engineer,ingénieur environnemental
environmental health & safety auditor,auditeur santé et sécurité environnement
environmental health & safety incident investigator,enquêteur sur les incidents de santé et de sécurité environnementales
environmental health & safety regional manager,responsable régional santé sécurité environnement
environmental program manager,responsable de programme environnemental
environmental project manager,chef de projet environnemental
environmental review unit,unité d'examen environnemental
environmental scientist,spécialiste de l'environnement
environmental specialist,spécialiste de l'environnement
equipment training coordinator,coordinatrice formation matériel
equity & special projects coordinator,coordonnatrice des capitaux propres et des projets spéciaux
escalation line team leader,chef d'équipe de la ligne d'escalade
etchers,graveurs
etl developer,développeur ETL
etl lead,etl plomb
evaluation coordinator,coordinateur de l'évaluation
evaluation lead,responsable de l'évaluation
evaluation specialist,spécialiste de l'évaluation
examiner,examinateur
examining attorney,avocat examinateur
executive agency counsel,conseil d'agence exécutive
executive assistant,Assistant exécutif
executive director,directeur exécutif
executive program coordinator,coordinateur exécutif du programme
executive project auditor,auditeur exécutif de projet
executive project manager,chef de projet exécutif
explosives worker,travailleur des explosifs
extraction worker,travailleur de l'extraction
facilities clerk,commis aux installations
facilities management assistant,assistante de gestion des installations
facility operations custodial assistant,assistant d'exploitation des installations
family advocate,défenseur de la famille
farm ranch and other agricultural manager,ranch agricole et autre gestionnaire agricole
farmer,agriculteur
fence erector,monteur de clôture
field  doctor,médecin de terrain
field captain,capitaine de terrain
field inspector,inspecteur de terrain
field operations training coordinator,coordinateur de la formation aux opérations sur le terrain
field outreach specialist,spécialiste de terrain
field services technician,technicien de service sur le terrain
field tech,technologie de terrain
field/desktop technician,technicien de terrain/de bureau
file clerk,Archiviste
financial analyst,analyste financier
financial examiner,examinateur financier
financial manager,Manager financier
financial reviewer,examinateur financier
financial specialist,spécialiste financier
fingerprint unit specialist,spécialiste de l'unité d'empreintes digitales
fire fighter,sapeur pompier
fire inspector,inspecteur des incendies
fire medical officer,médecin des incendies
fiscal coordinator,coordinateur fiscal
fiscal manager,directeur fiscal
fish and game warden,garde-chasse et pêche
fisher,pêcheur
fleet administrator,administrateur de flotte
fleet assistant,assistant flotte
fleet management assistant,assistante gestion de flotte
flight engineer,mécanicien de bord
food preparation worker,préposé à la préparation des aliments
food science technician,technicienne en sciences alimentaires
food scientist,scientifique de l'alimentation
food server,serveur
food service manager,responsable de la restauration
forensic logistics specialist,spécialiste de la logistique médico-légale
forensic pathology technician,technicienne en médecine légale
forester,forestier
foster care program evaluator,évaluateur du programme de placement familial
front end developer,développeur frontal
functional analyst,analyste fonctionnel
funeral director,directeur des pompes funèbres
funeral service worker,travailleur des services funéraires
furniture coordinator,coordinateur du mobilier
furniture finisher,finisseur de meubles
gaming manager,gestionnaire de jeu
gaming surveillance officer,agent de surveillance des jeux
gardener,jardinier
general counsel,avocat général
general manager,directeur général
general services associate,attachée aux services généraux
geological engineer,ingénieur géologue
geological technician,technicien géologue
geologist,géologue
geoscientist,géoscientifique
gis analyst,analyste sig
gis editor,éditeur SIG
gis specialist,spécialiste des sig
glazier,vitrier
grader,niveleuse
grant coordinator,coordinateur des subventions
grant manager,gestionnaire de subventions
grant project manager,chef de projet subvention
graphic artist,artiste graphique
green infrastructure engineer,ingénieur infrastructures vertes
greeter,salutation
grounds maintenance worker,préposé à l'entretien des terrains
groundskeeping worker,préposé à l'entretien des terrains
group head,chef de groupe
hairdresser,coiffeur
hairstylist,coiffeur
hazardous materials removal worker,ouvrier en enlèvement de matières dangereuses
head cook,chef cuisinier
health adviser,conseiller en santé
health diagnosing and treating practitioner,praticien de diagnostic et de traitement de la santé
health navigator,navigateur santé
health promoter,promoteur de la santé
hearing officer,agent d'audience
heat coordinator,coordinateur de chaleur
heating plant technician,technicien de chaufferie
heavy vehicle and mobile equipment service technician,technicien/technicienne d'entretien de véhicules lourds et d'équipements mobiles
help desk representative,représentant du service d'assistance
help desk technician,technicien d'assistance
helper,assistant
high pressure plant tender,appel d'offres à haute pression
highway maintenance worker,préposé à l'entretien des autoroutes
highways and sewers inspector,inspecteur de la voirie et des égouts
hiring plan analyst,analyste du plan d'embauche
home health aide,aide soignante à domicile
homeowner mortgage service manager,gestionnaire de service hypothécaire pour propriétaire occupant
host,héberger
hostess,hôtesse
hostler,hostier
housekeeping cleaner,femme de ménage
hr payroll systems security architect,architecte de la sécurité des systèmes de paie rh
hr specialist,spécialiste en ressources humaines
hro application support manager,responsable du support des applications hro
human resources administrative assistant,assistante administrative ressources humaines
human resources analyst,analyste des ressources humaines
human resources assistant,Assistant Ressources Humaines
human resources associate,attachée aux ressources humaines
human resources college aide,aide collégiale ressources humaines
human resources coordinator,Coordonnateur des ressources humaines
human resources generalist,généraliste ressources humaines
human resources manager,Directeur des Ressources Humaines
human resources specialist,spécialiste des ressources humaines
human resources support staff,personnel de soutien aux ressources humaines
human resources,ressources humaines
human rights specialist,spécialiste des droits de l'homme
hunter,chasseur
HVAC mechanic,Mécanicien CVC
implementation coordinator,coordinateur de la mise en œuvre
incident commander,commandant des incidents
industrial control technician,technicien contrôle industriel
industrial engineer,ingénieur industriel
industrial hygienist,hygiéniste industriel
industrial production manager,responsable production industrielle
industrial program compliance analyst,analyste de la conformité des programmes industriels
information clerk,préposé à l'information
information representative,représentant de l'information
information security architecture & engineering manager,responsable de l'architecture et de l'ingénierie de la sécurité de l'information
information security audit and compliance manager,responsable de l'audit et de la conformité de la sécurité de l'information
information security identity & access manager,gestionnaire d'identité et d'accès de la sécurité de l'information
information security officer,responsable de la sécurité de l'information
information systems and quality analyst,analyste système d'information et qualité
inspector general,inspecteur général
inspector,inspecteur
inspector,inspecteur
instructor,instructeur
instrumentation specialist,spécialiste de l'instrumentation
insulation worker,travailleur de l'isolation
insurance claims and policy processing clerk,Commis au traitement des réclamations et des polices d'assurance
insurance sales agent,vendeur d'assurances
insurance underwriter,souscripteur d'assurance
intake investigator,enquêteur d'admission
integration support engineer,ingénieur support intégration
integrity control officer,agent de contrôle de l'intégrité
interagency exercise coordinator,coordinateur des exercices inter-agences
intergovernmental affairs intern,stagiaire aux affaires intergouvernementales
intergovernmental outreach coordinator,coordonnatrice de la sensibilisation intergouvernementale
intergovernmental relations task force,groupe de travail sur les relations intergouvernementales
intern,interne
interpreter,interprète
interviewer,interviewer
investigative auditor,vérificateur enquêteur
investigative consultant,consultant en enquête
investigative manager,gestionnaire d'enquête
investigator trainee,stagiaire enquêteur
investigator,enquêteur
investment analyst,analyste en investissements
investment officer,agent d'investissement
ios developer,développeur ios
ip telephony design engineer,ingénieur d'études téléphonie ip
iron worker,ferronnier
it - project manager,chef de projet informatique
it auditor,il auditeur
it budget & contracts manager,responsable budget & contrats informatique
it business analyst,analyste d'affaires informatique
it contract analyst,analyste de contrat informatique
it contracts specialist,spécialiste des contrats informatiques
it helpdesk manager,responsable du service d'assistance informatique
it infrastructure project manager,chef de projet infrastructure informatique
it operations clerk,commis aux opérations informatiques
it relationship manager,responsable de la relation informatique
it security analyst,analyste en sécurité informatique
it security officer,agent de sécurité informatique
it support technician,technicien de support informatique
jailer,geôlier
janitor,concierge
janitorial worker,préposé à l'entretien
java developer,développeur Java
jeweler,bijoutier
judge,juge
junior accountant,Comptable junior
junior financial planning and reporting analyst,analyste junior en planification financière et reporting
junior public health nurse,infirmière subalterne de la santé publique
junior z/os engineer,ingénieur z/os junior
juvenile implementation manager,responsable de la mise en œuvre juvénile
juvenile justice trainer,formatrice justice juvénile
kettle operator,opérateur de bouilloire
kiln operator,opérateur de four
kindergarten teacher,enseignante de maternelle
labor law investigator,enquêteur en droit du travail
labor relations attorney,avocat relations de travail
labor relations specialist,spécialiste des relations de travail
labor standards investigator,enquêteur sur les normes du travail
laboratory associate,collaborateur de laboratoire
laboratory microbiologist,microbiologiste de laboratoire
laboratory technician,technicien de laboratoire
landscape architect,architecte paysagiste
lead business analyst,analyste d'affaires principal
lead design engineer,ingénieur principal de conception
lead designer,concepteur principal
lead expense management analyst,analyste en chef de la gestion des dépenses
lead trainer,formateur principal
learning management,gestion de l'apprentissage
lease analyst,analyste de location
leather workers,travailleurs du cuir
legal assistant,assistant juridique
legal coordinator,coordinateur juridique
legal support worker,assistante juridique
legislator,législateur
letterer and sign painter,lettreur et peintre d'enseignes
liaison,liaison
librarian,bibliothécaire
library assistant,assistante bibliothécaire
library technician,technicien de bibliothèque
licensed vocational nurse,infirmière professionnelle diplômée
licensing clerk,commis aux licences
lifeguard,Maître nageur
linux administrator,administrateur linux
load officer,officier de charge
loan counselor,conseiller en prêt
loan officer,agent de crédit
lobby attendant,préposé au hall
locksmith,serrurier
locomotive engineer,mécanicien de locomotive
lodging manager,gestionnaire d'hébergement
logging worker,ouvrier forestier
logistician,logisticien
low pressure boiler inspector,inspecteur chaudière basse pression
machine operator,opérateur
machinist,machinist
magistrate,magistrat
maid,Femme de ménage
mail clerk,commis au courrier
mail machine operator,opérateur de machine à courrier
mail superintendent,surintendant du courrier
mailroom control clerk,commis au contrôle de la salle du courrier
mailroom section supervisor,superviseur de la section courrier
maintenance facilitator,animateur d'entretien
maintenance worker,ouvrier d'entretien
management analyst,analyste de gestion
management auditor,contrôleur de gestion
management systems specialistcrm information systems manager,spécialiste des systèmes de gestionresponsable des systèmes d'information crm
manager,gestionnaire
mapping technician,technicien en cartographie
marine electronics technician,technicien en électronique marine
marine engineer,ingénieur dans la marine
marine oilermate,huileur marin
market researcher,chercheur de marché
marketing and sales manager,responsable marketing et commercial
massage therapist,massothérapeute
material moving worker,ouvrier en déménagement de matériel
materials engineer,ingénieur matériaux
materials scientist,scientifique des matériaux
mathematician,mathématicien
measurer,mesureur
mechanical cost estimator,estimateur de coût mécanique
mechanical engineer,ingénieur mécanique
media worker,travailleur des médias
mediation coordinator,coordonnateur de la médiation
medical and health services manager,responsable des services médicaux et de santé
medical assistant,assistant médical
medical examiner assistant,assistant médecin légiste
medical records and health information technician,technicien/technicienne en dossiers médicaux et en information sur la santé
medical scientist,scientifique médical
medical technician,technicien médical
medicolegal analyst,analyste médico-légal
medicolegal investigator,enquêteur médico-légal
meeting and convention planner,planificateur de réunions et congrès
mental health coordinator,coordonnateur de la santé mentale
messenger,Messager
metal work mechanic,mécanicien/mécanicienne en métallurgie
meter reader,releveur de compteur
metrics and reporting engineer,ingénieur métrique et reporting
middle school teacher,professeur de collège
millwright,mécanicien de chantier
mining engineer,ingénieur minier
mining machine operator,opérateur de machine minière
mobile device management architect,architecte en gestion d'appareils mobiles
molder,mouleur
motor vehicle operator,conducteur de véhicule à moteur
museum technician,technicien de musée
musician,musicien
natural sciences manager,responsable des sciences naturelles
naval architect,architecte naval
neigborhood resiliency specialist,spécialiste de la résilience de quartier
network administrator,administrateur réseau
network engineer,ingénieur réseau
network field technician,technicien terrain réseau
network services manager,responsable service réseau
news analyst,analyste de nouvelles
news and street vendor,nouvelles et marchand ambulant
nuclear engineer,ingénieur nucléaire
nuclear technicians,techniciens nucléaires
nurse home visitor,infirmière visiteuse à domicile
nursing supervisor,infirmière surveillante
nutrition consultant,consultante en nutrition
nutritionist,nutritionniste
occupational therapist assistant,assistante ergothérapeute
occupational therapist,ergothérapeute
office administrator,administrateur de bureau
office assistant,assistant de bureau
office clerk,employé de bureau
office coordinator,chef de bureau
office machine aide,aide aux machines de bureau
office machine repairer,réparateur de machines de bureau
office manager,responsable administratif
oil burner specialist,spécialiste des brûleurs à mazout
ombudsperson,médiateur
on-line medical control physician,médecin de contrôle médical en ligne
open data lead analyst,analyste principal des données ouvertes
open market order coordinator,coordinateur des ordres d'open market
operations associate,associé aux opérations
operations coordinator,Coordinateur des opérations
operations customer service liaison,agent de liaison avec le service à la clientèle des opérations
operations desktop support technician,technicien support informatique
operations manager,directeur des opérations
optical network engineer,ingénieur réseau optique
optician,opticien
optometrist,optométriste
order clerk,préposé aux commandes
order filler,remplisseur de commandes
ordered deductions analyst,analyste des retenues ordonnées
ordnance handling expert,expert en manipulation de munitions
outbreak data analyst,analyste des données sur les épidémies
outreach assistant,assistant de sensibilisation
outreach intern,stagiaire en sensibilisation
packager,emballeur
packer,emballeur
painter,peintre
paperhanger,porte-papier
paralegal aide,assistante juridique
paralegal assistant supervisor,superviseur adjoint parajuridique
paralegal,parajuriste
paramedic,paramédical
parking enforcement officer,agent de stationnement
parking enforcement worker,agent de stationnement
parking lot attendant,préposé au stationnement
parks enforcement patrol,patrouille d'application des parcs
parts salesperson,vendeur de pièces
patternmaker,modéliste
payment analyst,analyste de paiement
payroll data associate,attaché aux données de paie
payroll liaison,agent de paie
payroll supervisor,superviseur de la paie
payroll systems analyst,analyste des systèmes de paie
penalty processing unit cashier,caissier de l'unité de traitement des pénalités
peoplesoft developer,développeur peoplesoft
performance management specialist,spécialiste de la gestion des performances
performer,interprète
permit records assistant,assistante aux registres des permis
personal and home care aide,aide à la personne et à domicile
personal care and service worker,préposé aux soins personnels et aux services
personal financial advisor,conseiller financier personnel
personnel associate,associé du personnel
personnel coordinator,coordinateur du personnel
pest control aide,aide à la lutte antiparasitaire
pest control worker,agent de lutte antiparasitaire
petroleum engineer,ingénieur pétrolier
petroleum technician,technicien pétrolier
pharmacist,pharmacien
photogrammetrist,photogrammètre
photographer,photographe
physical scientist,physicien
physical therapist assistant,assistante kinésithérapeute
physical therapist,physiothérapeute
physician assistant,médecin assistant
physician,médecin
physicist,physicien
pile-driver operator,opérateur de battage
pipefitter,tuyauteur
pipelayer,couche de tuyau
placement staff nurse,infirmière de placement
plan examiner,examinateur de plans
plan management specialist,spécialiste en gestion de régimes
plasterer,plâtrier
plumber,plombier
plumber's helper,aide de plombier
plumbing and fire suppression engineer,ingénieur en plomberie et lutte contre les incendies
plumbing inspector,inspecteur en plomberie
podiatrist,podologue
police administrative aide,aide administratif de la police
police officer,officier de police
police surgeon,chirurgien policier
policeman,policier
policy advisor,conseiller politique
policy analyst,analyste des politiques
policy writer,rédacteur de politiques
port marine engineer,ingénieur marine portuaire
portal support engineer,ingénieur support portail
portfolio manager,gestionnaire de portefeuille
postal office clerk,employé de bureau de poste
postal service clerk,commis aux services postaux
postal service mail carrier,facteur de service postal
postal service mail sorter,trieur de courrier des services postaux
postmaster,maître de poste
postsecondary teacher,enseignant postsecondaire
power plant operator,opérateur de centrale électrique
preplacement nurse practitioner,infirmière praticienne en préplacement
prepress technician,technicien prépresse
preschool teacher,enseignant préscolaire
press officer,attaché de presse
presser,presseur
principal administrative associate,attaché administratif principal
principle design manager,responsable de la conception principale
private detective,détective privé
probation assistant,assistant de probation
probation officer trainee,stagiaire agent de probation
probation officer,contrôleur judiciaire
procedural justice coordinator,coordinateur justice procédurale
process messenger,messager de processus
process reform analyst intern,stagiaire analyste de la réforme des processus
process server,serveur de processus
processor,processeur
procurement analyst,Procurement Analyst
procurement clerk,commis aux achats
procurement contracting officer,agent de passation des marchés
procurement specialist,spécialiste des achats
producer,producteur
product advisor,conseiller produit
product manager,chef de produit
product owner,propriétaire du produit
product promoter,promoteur de produit
product support specialist,spécialiste de l'assistance produit
production support,support de production
program administrator,administrateur du programme
program analyst,analyste de programme
program and policy specialist,spécialiste des programmes et des politiques
program assistant,Assistant de programme
program associate,associé de programme
program contract analyst,analyste de contrat de programme
program coordinator for early childhood health,coordonnatrice du programme de santé de la petite enfance
program executive,directeur de programme
program management office assistant,assistante du bureau de gestion des programmes
program manager,gestionnaire de programme
program managercadd coordinator,gestionnaire de programmecadd coordinateur
program planner,planificateur de programme
program specialist,spécialiste du programme
project coordinator,coordinateur de projet
project cost estimator,estimateur de coût de projet
project development coordinator,coordinatrice du développement de projets
project director,directeur de projet
project manager,chef de projet
project manager,chef de projet
project planner,planificateur de projet
project specialist,spécialiste de projet
projects coordinator,Coordinateur de projets
property acquisition coordinator,coordinateur acquisition immobilière
property manager,gestionnaire de l'immeuble
prosecutor,procureur
psychologist,psychologue
public health adviser,conseiller en santé publique
public health assistant,assistante de santé publique
public health detailing specialist,spécialiste de la santé publique
public health epidemiologist,épidémiologiste de santé publique
public health nurse,infirmière de la santé publique
public policy and training coordinator,coordinateur des politiques publiques et de la formation
public records aide,aide aux archives publiques
public relations manager,responsable des relations publiques
public relations specialist,Spécialiste des relations publiques
public warning specialist,spécialiste de l'alerte publique
pumping station operator,opérateur de station de pompage
purchasing agent - buyer,agent d'achat - acheteur
purchasing agent,agent d'achat
purchasing manager,directeur des achats
qa analyst,analyste qualité
qa senior auditor,auditeur principal qa
quality assurance auditor,auditeur assurance qualité
quality assurance engineer,ingénieur assurance qualité
quality assurance manager,Responsable Assurance Qualité
quality assurance project manager,chef de projet assurance qualité
quality assurance specialist,spécialiste de l'assurance qualité
quality child care manager,gestionnaire de garde d'enfants de qualité
quality control case reviewer,examinateur de cas de contrôle de la qualité
quality control senior engineer,ingénieur supérieur contrôle qualité
quality improvement specialist,spécialiste de l'amélioration de la qualité
quality management specialist,spécialiste de la gestion de la qualité
radiation emergency response specialist,spécialiste des interventions d'urgence radiologique
radiation therapist,radiothérapeute
radio and telecommunications equipment installer,installateur d'équipements radio et télécommunications
radio operators,opérateurs radio
radio repair mechanic,mécanicien de réparation de radio
radio room operator,opérateur de salle radio
railroad conductor,conducteur de chemin de fer
rail-track laying and maintenance equipment operator,opérateur d'équipement de pose et d'entretien de voies ferrées
rancher,propriétaire de ranch
real estate agent,Agent immobilier
real estate broker,Courtier immobilier
real estate developer,promoteur immobilier
real estate manager,gestionnaire immobilier
rebar workers,travailleurs des barres d'armature
receivables/payables analyst,analyste débiteurs/payeurs
receptionist,réceptionniste
records officer,agent des archives
records searcher,chercheur d'enregistrements
recreation and fitness worker,intervenante en loisirs et conditionnement physique
recreational therapist,récréothérapeute
recruiting & onboarding coordinator,coordinatrice recrutement et intégration
recruitment assistant,assistante de recrutement
refuse and recyclable material collector,collecteur de déchets et de matières recyclables
regional field administrative assistant,assistant administratif de terrain régional
registered dental hygienist,hygiéniste dentaire agréée
registered nurse,infirmière autorisée
regulatory and licensing specialist,spécialiste de la réglementation et des licences
regulatory compliance agency attorney,avocat de l'agence de conformité réglementaire
reinforcing iron worker,ouvrier ferrailleur
religious worker,travailleur religieux
remote learning team specialist,spécialiste de l'équipe d'apprentissage à distance
rental clerk,commis à la location
reporter,journaliste
research analyst,analyste de recherche
research assistant,assistant de recherche
research scientist,chercheur
resident engineer,ingénieur résident
residential advisor,conseiller résidentiel
resiliency coordinator,coordonnateur de la résilience
resiliency engineer,ingénieur résilience
resource specialist,spécialiste des ressources
respiratory therapist,thérapeute de la respiration
retail buyer,Acheteur au détail
retail salesperson,vendeur au détail
retail specialist,spécialiste de la vente au détail
revenue agent,agent des recettes
revenue assistant,assistant aux recettes
review unit supervisor,superviseur de l'unité de révision
rezoning manager,gestionnaire de rezonage
rigger,gréeur
risk management,gestion des risques
roof bolter,boulonneur de toit
roofer,couvreur
roustabout,débardeur
safe event coordinator,coordinateur d'événements sécuritaires
safety & equipment training specialist,spécialiste de la formation en sécurité et équipement
safety accident investigator,enquêteur sur les accidents de sécurité
safety auditor,auditeur de sécurité
safety engineer,ingénieur de sécurité
sailor,marin
sales agent,agent de ventes
sales engineer,ingénieur commercial
sales representative,commercial
samplers,échantillonneurs
sanitation engineer,ingénieur en assainissement
scanning operator,opérateur de numérisation
school health nurse practitioner,infirmière praticienne en santé scolaire
school mental health consultant,consultante en santé mentale scolaire
school mental health training coordinator,coordonnatrice de la formation scolaire en santé mentale
scientistscientist,scientifiquescientifique
searcher,chercheur
seasonal city park worker,travailleur saisonnier du parc municipal
secondary school teacher,enseignant du secondaire
secretary to division chief,secrétaire du chef de division
section chief,chef de section
securities commodities and financial services sales agent,agent commercial en valeurs mobilières et services financiers
security administrator,administrateur de la sécurité
security and fire alarm systems installer,installateur de systèmes de sécurité et d'alarme incendie
security guard,garde de sécurité
security officer,agent de sécurité
security specialist,spécialiste de la sécurité
security system administrator,administrateur système de sécurité
security systems engineer,ingénieur systèmes de sécurité
senior accountant,Senior Accountant
senior advisor,conseiller principal
senior analyst,analyste sénior
senior application engineer,ingénieur d'application sénior
senior architect cloud infrastructure design and engineering,architecte senior conception et ingénierie d'infrastructure cloud
senior bi developer,développeur bi sénior
senior budget analyst,analyste budgétaire senior
senior business analyst,analyste d'affaires sénior
senior case support associate,associé principal de soutien aux cas
senior civil service advisor,conseiller supérieur de la fonction publique
senior construction manager,chef de chantier sénior
senior cook,cuisinier principal
senior counsel,avocat principal
senior crm developer,développeur crm sénior
senior data analyst,analyste de données sénior
senior data scientist,data scientist sénior
senior design engineer,ingénieur de conception senior
senior developer,DEVELOPPEUR sénior
senior director it,directeur principal
senior director,directeur senior
senior early childhood education consultant,consultante senior en éducation de la petite enfance
senior electrical engineer,Ingénieur électricien en chef
senior engineer,ingénieur senior
senior estimator,estimateur principal
senior exchange engineer,ingénieur principal d'échange
senior field supervisor,superviseur principal de terrain
senior financial reporting investment analyst,analyste financier senior en investissement
senior forester for restitution,forestier principal pour la restitution
senior general counsel,avocat général principal
senior human capital partnership and performance management analyst,analyste principal des partenariats en capital humain et de la gestion de la performance
senior human resources specialist,spécialiste senior des ressources humaines
senior inspector,inspecteur principal
senior intergroup relations officer,responsable des relations intergroupes
senior investigative auditor,auditeur-investigateur senior
senior investment analyst,analyste d'investissement senior
senior it business analyst,analyste d'affaires senior en informatique
senior it project manager,chef de projet informatique sénior
senior landscape architect,architecte paysagiste sénior
senior mainframe programmer analyst,analyste principal programmeur mainframe
senior mobile developer,développeur mobile sénior
senior network engineer,ingénieur réseau sénior
senior network specialist,spécialiste réseau sénior
senior operations associate,associé principal aux opérations
senior organizational development and training specialist,spécialiste senior du développement organisationnel et de la formation
senior payment analyst,analyste principal des paiements
senior peoplesoft analyst,analyste senior peoplesoft
senior police administrative aide,assistant administratif supérieur de la police
senior policy advisor,conseiller principal en politiques
senior port engineer,ingénieur portuaire supérieur
senior product manager,chef de produit sénior
senior program manager,gestionnaire principal de programme
senior program officer,agent principal de programme
senior programmer,programmeur senior
senior project analyst,analyste de projet sénior
senior project controls specialist,spécialiste senior des contrôles de projets
senior project engineer,Ingénieur de projet senior
senior project leader,chef de projet sénior
senior project manager,Chef de projet senior
senior project officer,chargé de projet sénior
senior public health inspector,inspecteur principal de la santé publique
senior quality oversight analyst,analyste principal de la surveillance de la qualité
senior rackets investigator,enquêteur principal sur les raquettes
senior radio system network engineer,ingénieur senior réseau système radio
senior research analyst,analyste de recherche senior
senior resiliency planner,planificateur principal de la résilience
senior safety accident investigator,enquêteur principal sur les accidents de sécurité
senior security analyst,analyste principal de la sécurité
senior service desk agent,agent de service principal
senior staff electrical engineer,ingénieur électricien cadre supérieur
senior stationary engineer,ingénieur principal stationnaire
senior technology analyst/coordinator,analyste/coordonnateur principal des technologies
senior title examiner,examinateur principal du titre
senior trainer,formateur senior
senior urban designer,designer urbain sénior
senior windows administrator,administrateur Windows senior
septic tank servicer,réparateur de fosse septique
sergeant,sergent
server support engineer,ingénieur support serveur
service asset configuration manager,gestionnaire de configuration des actifs de service
service contract procurement analyst,analyste d'approvisionnement en contrats de services
service desk agent,agent de centre de service
service desk manager,responsable du centre de services
service station attendant,préposé à la station-service
sewer pipe cleaner,nettoyeur de canalisations d'égout
sewer,égout
sewing machine operator,opérateur de machine à coudre
sharepoint developer,développeur sharepoint
sheet metal worker,tôlier
sheriff's patrol officer,officier de patrouille du shérif
ship engineer,ingénieur de navire
ship loaders,chargeurs de navires
shuttle car operator,conducteur de navette
singer,chanteuse
small engine mechanic,mécanicien de petits moteurs
social science research assistant,assistante de recherche en sciences sociales
social scientist,sociologue
social service specialist,spécialiste des services sociaux
social worker,travailleur social
sociologist,sociologue
software developer,développeur de logiciels
solar energy project manager,chef de projet énergie solaire
solutions director,directeur des solutions
sorter,trieur
space analyst,analyste spatial
space scientists,scientifiques de l'espace
special assistant to assistant deputy commissioner,adjoint spécial au sous-commissaire adjoint
special assistant,assistant spécial
special consultant,conseiller spécial
special education teacher,professeur d'éducation spéciale
special examiner,examinateur spécial
special projects manager,chargé de projets spéciaux
special underwriting project manager,chef de projet souscription spéciale
speech-language pathologist,Patologiste du langage oral
spending analyst,analyste des dépenses
sql/oracle database administrator,administrateur de base de données sql/oracle
sr. analyst,sr. analyste
sr. internal auditor,sr. auditeur interne
staff analyst 2,analyste du personnel 2
staff analyst ii,analyste du personnel ii
staff analyst level ii,analyste d'état-major niveau ii
staff analyst,analyste du personnel
staff attorney,avocat du personnel
staff auditor,auditeur du personnel
staff counsel,avocat du personnel
staff engineer / architect,ingénieur du personnel / architecte
staff photographer,photographe du personnel
standards specialist,spécialiste des normes
stationary engineer,ingénieur stationnaire
statistical analyst,analyste statistique
statistical assistant,assistant statistique
statistician,statisticien
steamfitter,monteur vapeur
steel workers,sidérurgistes
stock clerk,magasinier
stock worker level ii,stock travailleur niveau ii
stonemason,tailleur de pierre
storage engineer,ingénieur de stockage
stormwater program coordinator,coordonnatrice du programme d'eaux pluviales
strategic account manager,responsable de compte stratégique
strategic initiatives coordinator,coordinateur des initiatives stratégiques
strategic operations policy analyst,analyste des politiques d'opérations stratégiques
strategic partnership liaison,agent de liaison pour les partenariats stratégiques
strategic planning associate,assistante en planification stratégique
street ambassador,ambassadeur de rue
structural engineer,ingénieur en structure
structural iron and steel worker,charpentier sidérurgique
stucco mason,maçon de stuc
student data analyst,étudiant analyste de données
student legal specialist,étudiant juriste
summer college intern,stagiaire d'université d'été
summer communications assistant,assistante communication d'été
summer graduate intern,stagiaire diplômé d'été
summer it intern,stagiaire d'été
supervising health nurse,infirmière surveillante de la santé
supervising housing groundskeeper,Superviser le jardinier du logement
supervising nurse,infirmière surveillante
supervising physician,médecin superviseur
supervising public health advisor,conseiller en santé publique responsable
supervisor,superviseur
support engineer,Ingénieur support
support worker,travailleur de soutien
surgeon,chirurgien
survey researcher,enquêteur
surveyor,arpenteur
switchboard operator,standardiste
system administrator,administrateur du système
systems access management engineer,ingénieur en gestion des accès aux systèmes
systems administrator - computer software,administrateur système - logiciels informatiques
systems analyst,analyste de systèmes
tailor,tailleur
talent acquisition specialist,Spécialiste de l'acquisition de talents
taper,conique
tax examiner,contrôleur des impôts
tax incentives director,directeur des incitations fiscales
tax preparer,préparateur d'impôts
taxi driver,conducteur de taxi
teacher assistant,aide-enseignant
team coach team leader,chef d'équipe
technical investigator,enquêteur technique
technical lead,responsable technique
technical project manager/product owner,chef de projet technique/propriétaire de produit
technical sales manager,responsable technico-commercial
technical solutions professional,professionnel des solutions techniques
technical writer,rédacteur technique
technician,technicien
telecommunications associate,associé en télécommunications
telemarketer,télévendeur
telephone operator,téléphoniste
teller,caissier
temporary assistant urban designer,assistante urbaniste temporaire
temporary painter,peintre temporaire
tender,offre
testifier/searcher,témoin/chercheur
testing lead,plomb de test
therapist,thérapeute
thermostat repairer,réparateur de thermostats
third party services analyst,analyste des services tiers
threat analysttimekeeper,analyste des menaces
ticket taker,preneur de billets
tile installer,installateur de carrelage
timekeeper,chronométreur
timekeeping specialist,spécialiste du chronométrage
tool grinder,meuleuse d'outils
tort attorney,avocat en responsabilité délictuelle
tour guide,guide touristique
tracking and monitoring data analyst,analyste de données de suivi et de surveillance
trainer & curriculum development specialist,formateur et spécialiste du développement de programmes
trainer,entraîneur
training specialists,spécialistes de la formation
transit and railroad policeman,gendarme des transports et des chemins de fer
translator,traducteur
transportation specialist,spécialiste du transport
transportation storage and distribution manager,responsable transport stockage et distribution
trapper,trappeur
trauma-informed early care and education case supervisor,superviseur de cas de soins précoces et d'éducation tenant compte des traumatismes
travel agent,agent de voyage
travel guide,guide de voyage
triage coordinator,coordonnateur du triage
triage nurse,infirmière de triage
triage supervisor,superviseur du triage
trial preparation assistant,assistante de préparation de procès
truck driver,conducteur de camion
typist,dactylographe
umpire,arbitre
unit clerk,commis d'unité
unit manager,chef de secteur
unix system administrator,administrateur système unix
unix/linux systems lead,responsable systèmes unix/linux
upholsterer,tapissier
urban and regional planner,urbaniste et urbaniste
urban technology architect,architecte en technologie urbaine
urban technology security researcher,chercheur en sécurité des technologies urbaines
usher,huissier
valve installer,installateur de vannes
vessel construction manager,responsable de la construction de navires
veterinarian,vétérinaire
virtual systems engineer,ingénieur systèmes virtuels
vision screening assistant,assistant de dépistage visuel
vp for project management,vp pour la gestion de projet
wage subsidy processing clerk,commis au traitement des subventions salariales
waiter,serveur
waitress,serveuse
water resources analyst,analyste des ressources en eau
water use inspector,inspecteur de l'utilisation de l'eau
waterfront facilities engineer,ingénieur en installations riveraines
waterfront project manager,chef de projet front de mer
watershed maintainer,mainteneur de bassin versant
web application developer,développeur d'applications web
webform team member,membre de l'équipe du formulaire Web
weigher,peseur
welder,soudeur
wellness advocate supervisor,superviseur du défenseur du bien-être
wellness advocate,défenseur du bien-être
windows administrator,administrateur windows
wireless coordinator,coordinateur sans fil
woodworker,menuisier
word processor,traitement de texte
workforce management analyst,analyste en gestion des effectifs
workforce planning intern,stagiaire en planification des effectifs
writer,écrivain
x-ray technician,technicien en radiologie
yardmaster,chef de triage
youth initiatives lead advisor,conseiller principal initiatives jeunesse
